ID,MM1,MM2,MM3,MM4,MV1,MV2,MV3,UM1,UM2,UM3,UM4,UM5
P1,1421,1521,1404,1854,1426,1055,1340,1322,1233,1527,1509,1365
P10,4948,5128,4916,5055,5396,5048,5210,5305,5126,5193,5200,5214
P100,2502,2318,2278,2756,2523,2515,2440,2928,2860,2376,2887,2520
P101,601,929,405,650,696,962,569,795,770,722,945,634
P102,1424,1414,1197,1297,1348,1274,977,1589,1876,2055,1518,1551
P103,92,222,131,0,109,239,210,93,120,130,62,0
P104,5537,5674,5307,5317,5389,5393,5464,5581,5679,5126,5366,5208
P105,1260,1327,1299,1632,1314,1812,1085,1613,1919,1676,1455,1721
P106,2098,1929,2217,1977,2332,2064,1777,2152,2473,2372,2355,2469
P107,2232,2068,2235,2130,2688,2089,1747,2318,2949,2631,2602,2525
P108,77,455,170,435,230,405,135,271,270,291,227,323
P109,110,168,159,144,126,139,15,200,296,168,155,296
P11,5087,5323,5338,5459,5674,5433,5536,5572,5579,5502,5603,5451
P110,1492,1460,1154,1164,1537,1686,1051,1673,1705,1801,1449,2074
P111,31,47,0,0,38,45,0,230,178,119,122,141
P112,1754,1756,2050,1554,1943,1672,1389,1886,2057,1948,1669,2156
P114,456,229,440,435,182,195,240,311,416,282,288,409
P115,850,534,761,647,875,809,569,827,908,733,679,915
P116,1278,1081,1328,959,868,1113,776,1514,1116,931,1097,926
P117,1417,1561,1643,1901,1556,2287,1271,2032,2424,2157,1877,2260
P118,749,631,731,628,643,755,502,823,763,887,659,1064
P119,280,335,330,293,276,415,465,413,359,341,456,442
P12,1632,1547,1358,1727,1723,1558,1300,1904,1890,1810,1933,1728
P120,1983,1483,1683,1024,1315,1303,1431,1475,1311,1254,1758,340
P121,158,159,106,0,118,173,0,211,142,130,134,81
P122,3033,3213,3249,2902,3159,3213,3124,3091,3187,3069,2936,3143
P123,4388,4543,4003,4050,4657,3984,4331,5139,5655,5183,4317,5602
P124,1463,1652,1673,1979,1634,2456,1285,2269,2816,2481,1984,2563
P125,467,432,374,789,509,633,377,671,677,620,699,736
P126,88,161,92,51,203,35,106,280,164,281,215,224
P127,387,448,319,407,396,238,298,482,378,463,367,419
P128,63,54,10,71,38,70,18,58,14,51,49,42
P129,3244,3514,2850,3644,3516,3356,3026,3301,4007,3374,3359,3477
P13,601,929,405,650,696,962,569,795,770,722,945,634
P130,2704,2877,2556,2936,3044,2633,2595,2692,3078,2600,2825,2851
P131,3188,2926,3344,2871,3190,3047,2940,3238,3403,3425,3252,3739
P132,2247,2632,2176,1793,2193,2655,2017,2299,2257,2441,2044,2213
P133,624,659,469,800,696,695,655,649,713,475,506,515
P135,2335,1508,2609,2261,2060,2528,2864,1348,1276,2004,2865,777
P136,243,199,186,190,354,302,370,278,328,276,399,237
P137,1075,1040,887,1151,1145,985,852,1301,1286,1195,1326,1149
P138,2526,2332,2611,2186,2633,2492,2770,2531,2117,2361,2492,2432
P139,1635,1796,1432,1355,1767,1670,1689,1457,1426,1474,1533,1496
P14,2683,2985,2853,2606,2693,2753,2649,2789,2632,3161,2595,3119
P140,27,14,58,286,60,1616,431,99,123,72,15,49
P141,433,444,418,291,410,290,353,469,443,521,468,512
P142,2813,2903,2785,1193,2680,2943,2583,2673,2664,2027,2098,2645
P143,1744,1079,1995,1652,1514,1903,2200,956,906,1467,2208,535
P147,1159,1182,1127,1361,1110,783,774,1101,1026,624,856,1030
P148,1442,1372,1152,1116,1561,1372,1222,1274,1311,1340,1427,1252
P149,18,41,0,0,37,66,49,0,0,48,55,0
P15,1239,1812,1390,1277,1465,1347,1365,1618,1757,1332,1541,1441
P150,190,324,234,221,257,196,204,269,205,179,213,250
P151,329,374,452,317,417,327,315,399,328,364,363,315
P152,784,830,885,695,910,733,840,936,895,992,861,1022
P153,1375,1541,1477,1375,1589,1217,1200,1487,1508,1458,1478,1635
P154,724,353,430,817,336,232,669,966,1167,1514,1260,557
P155,638,884,875,0,1218,959,1119,928,900,523,1370,885
P156,3719,4326,4258,3191,4256,4288,4044,4401,4227,3981,4041,4142
P157,144,65,493,577,14,416,403,63,221,66,99,13
P16,4633,3957,4036,4619,4672,5714,3775,4530,4575,5066,4517,4675
P160,178,0,0,0,209,230,269,180,317,331,289,244
P163,16,221,257,81,3,213,136,216,7,1,2,9
P165,299,489,521,836,604,492,668,266,321,466,853,464
P166,28,40,37,0,36,147,73,192,11,24,20,19
P167,5372,5258,4689,5013,5009,5259,5235,5236,5250,4920,5164,5000
P168,356,315,344,400,409,409,255,436,363,354,271,536
P17,6847,7197,7225,6788,7116,7072,6862,7326,7546,7562,7166,7617
P172,409,523,596,678,486,484,451,421,344,440,418,299
P174,77,24,93,434,91,275,455,174,36,150,63,101
P175,6421,6675,5820,6248,5900,5999,4843,5768,6410,6064,6227,5044
P176,126,238,101,64,145,361,2169,286,79,196,239,189
P178,627,615,607,535,642,552,505,587,648,664,609,598
P179,411,292,456,315,403,577,544,614,496,600,417,732
P18,5350,5371,5631,4999,5290,5619,5226,5209,5284,5390,5070,5409
P185,64,28,133,0,55,27,291,47,44,113,27,29
P186,279,254,332,353,182,192,236,284,236,328,232,251
P189,2883,3003,2914,2915,3116,2790,2955,2851,2971,2935,3028,3119
P19,690,935,557,479,695,928,574,1194,1164,1483,704,1692
P191,86,124,136,111,130,65,58,388,181,217,63,413
P192,1929,2241,1851,2037,1991,1953,1839,2029,2009,1953,1947,1886
P194,1619,1579,987,2185,1578,1346,1349,1664,1761,1623,1491,1623
P196,319,321,299,368,334,325,305,347,368,323,397,386
P197,107,55,0,0,98,40,54,38,60,47,110,40
P198,16,7,22,34,6,0,0,23,82,36,20,37
P199,107,13,0,50,24,23,16,15,25,3,29,13
P2,4428,4381,4533,3484,4215,4676,4337,4215,3967,4139,4121,4209
P20,312,180,170,185,56,278,340,91,159,173,85,223
P200,11,29,7,28,20,43,15,12,13,32,12,5
P201,165,133,44,63,648,105,79,1021,1131,154,520,548
P202,105,234,261,48,114,230,353,298,381,194,188,348
P203,4735,4790,4748,4281,4883,4770,4499,4823,4805,4882,4765,5223
P204,2970,3178,2937,2805,3491,2833,3063,4202,4650,4159,3279,4569
P205,3555,3910,3628,3712,3552,3619,3645,4195,4580,4333,3701,4847
P206,79,298,381,53,217,367,717,774,1320,1655,1596,1743
P207,1200,1154,1279,1302,1324,1010,1346,1500,1696,1547,1346,1455
P209,3506,3298,3466,2984,3510,3384,3672,3490,3217,3385,3416,3543
P21,2054,1605,2171,627,1767,2904,1443,2239,2233,2011,1696,2147
P215,1412,1093,1015,1698,1275,2229,990,1262,1152,1416,1213,999
P217,178,237,172,5051,351,231,137,297,216,348,256,282
P22,7669,8140,6982,8169,7565,7596,7649,7795,7917,7265,7476,8004
P220,1390,1204,1179,1146,1167,1104,1126,1372,1427,1523,1268,1449
P221,620,601,286,323,592,358,600,563,536,641,425,508
P222,130,219,184,72,140,186,764,211,64,144,130,192
P223,1826,2139,1325,2090,1641,1681,2185,1482,1664,1530,1618,1471
P224,615,612,591,437,588,426,521,637,616,677,644,682
P225,1604,1890,1397,1845,1490,1495,1915,1392,1457,1332,1447,1311
P226,696,683,410,423,666,436,647,656,632,720,564,635
P227,3217,2918,2939,3608,3013,2599,2688,2998,3205,2798,3175,2918
P228,1809,1879,1823,2166,1863,1554,1540,1553,1609,1453,1890,1383
P229,142,33,162,52,89,42,67,85,144,201,68,159
P23,7254,7315,6784,8584,7407,7387,7225,7518,6963,7507,7088,7986
P230,2563,3092,2718,3958,2045,1711,1933,2079,2623,2299,2589,2137
P231,163,0,0,0,19,0,0,95,271,283,40,66
P232,332,438,323,2848,606,420,259,523,395,601,459,494
P234,268,353,260,2360,491,338,208,423,319,487,370,400
P235,23,12,12,20,22,0,20,12,16,10,36,33
P237,12814,12377,12302,12630,12745,11909,10138,12208,11410,13638,13476,11879
P24,16,63,106,1123,1024,1180,45,134,97,34,9,138
P240,3443,3052,2971,3322,3242,3151,3149,3234,3203,3215,3276,3229
P241,2280,2604,2629,2332,2490,2663,2693,2431,2586,2500,2347,2753
P242,13,26,8,41,17,25,0,7,14,16,11,6
P243,205,36,39,223,46,85,17,28,24,89,45,196
P244,451,170,425,273,215,255,191,310,236,292,253,271
P245,1176,1239,1208,1414,1218,1566,998,1450,1484,1515,1341,1509
P246,53,11,75,62,17,46,0,160,59,46,138,146
P247,600,553,198,215,584,261,552,570,527,663,374,434
P249,606,756,486,268,709,194,508,590,666,664,523,581
P25,438,563,347,186,524,133,369,426,489,486,375,420
P250,488,405,426,314,345,272,247,358,343,317,289,367
P251,699,609,626,486,513,419,387,528,515,476,440,531
P252,15,78,23,166,39,45,36,34,18,12,42,25
P253,552,484,284,188,460,217,358,472,447,471,346,429
P254,606,756,486,268,709,194,508,590,666,664,523,581
P255,30,25,39,245,24,102,379,437,7,15,22,12
P258,5457,5697,5485,5452,6038,5683,5936,5999,5610,5732,5717,5876
P259,104,174,179,119,108,139,169,68,200,100,102,186
P26,362,242,1215,730,186,186,822,1246,1134,1494,542,1177
P260,24,35,8,33,36,20,52,29,24,26,25,12
P261,3121,3185,2940,2674,3009,2885,3016,3116,3135,3338,3065,3362
P262,271,276,106,389,361,349,402,421,376,437,330,371
P263,306,389,326,191,390,280,364,390,358,489,470,452
P264,85,84,110,108,52,255,603,183,329,58,202,46
P265,135,89,215,262,116,169,47,102,148,90,238,88
P266,603,837,1146,1061,568,652,858,562,467,859,1139,128
P267,373,543,815,716,347,419,576,353,284,601,798,72
P268,92,190,106,233,225,264,103,224,285,342,87,213
P269,9,52,55,437,178,34,0,71,6,53,6,33
P27,375,551,823,728,350,424,579,356,286,611,803,72
P271,893,890,830,832,801,738,732,646,510,575,725,549
P272,283,365,484,577,370,348,330,313,230,336,277,187
P273,770,771,736,717,688,629,626,606,435,498,670,481
P274,487,586,684,753,561,527,512,486,365,480,460,321
P275,64,109,43,71,83,118,0,30,87,43,41,27
P276,3176,2823,2718,2926,2887,2797,2877,2808,2693,2769,2971,2955
P277,1,0,0,0,0,0,0,0,0,5,0,0
P278,504,543,381,663,574,573,537,526,586,388,413,419
P28,3251,3656,3537,3333,3666,3457,3370,3382,3563,3707,3209,3821
P280,441,472,296,319,451,287,280,393,516,471,461,558
P281,3514,3339,3081,2947,3163,3240,2543,3903,3637,3958,3318,3927
P282,6821,6189,6658,6545,6490,6584,5727,6280,6115,6184,6362,6165
P283,5916,6186,6151,5781,6383,5618,5827,5897,6306,6207,6287,6412
P285,4155,4315,4791,4203,4770,3882,4163,4947,4910,4391,4104,5079
P286,14,43,42,35,26,20,32,10,70,6,62,71
P289,56,68,106,55,92,66,22,77,81,96,60,38
P290,2,3,0,0,0,0,0,0,2,0,0,3
P291,1641,1665,1412,1017,1628,1287,1402,1128,1132,866,1302,1135
P292,252,151,26,364,297,317,219,343,372,379,284,371
P293,114,102,22,149,63,73,138,161,127,133,98,75
P294,609,573,625,663,642,488,647,697,743,711,651,675
P295,3,314,365,15,269,304,353,355,391,300,2,2
P297,3,42,0,14,2,0,0,0,0,3,17,2
P298,275,176,33,347,328,356,244,360,413,372,319,417
P3,1050,624,751,0,406,0,0,550,639,463,351,681
P30,2119,2329,2157,2346,2529,2045,2169,2075,2349,2001,2255,2235
P300,7,0,0,0,19,0,0,88,10,30,29,18
P302,299,236,328,251,336,209,46,197,192,261,334,219
P303,395,373,265,294,324,411,127,207,259,348,388,199
P304,398,377,268,297,327,415,127,209,262,352,394,200
P305,384,367,260,285,317,405,125,205,256,340,387,196
P306,285,262,217,192,258,293,112,169,210,271,292,170
P307,1669,1486,1444,1429,1724,1205,1461,1040,788,1112,1580,771
P308,1297,1139,1112,1093,1344,934,1105,783,586,839,1217,576
P309,1491,1319,1284,1267,1542,1075,1288,915,689,979,1405,675
P31,293,367,316,190,373,268,350,379,347,464,447,418
P310,194,178,147,130,175,198,75,114,142,184,198,114
P311,270,255,180,201,220,280,85,140,175,237,265,134
P312,262,251,176,195,216,276,84,139,173,231,264,132
P313,483,386,524,402,537,344,79,323,315,421,537,356
P314,18,36,32,0,46,62,172,7,0,28,39,4
P319,333,313,437,54,288,171,421,59,336,59,335,29
P32,3556,4342,3530,3108,4220,3872,4313,4222,4151,3570,3965,4160
P320,309,233,253,257,288,347,253,342,392,294,179,246
P321,315,262,228,274,265,356,111,184,231,287,301,172
P322,404,383,271,302,332,422,128,211,264,357,399,202
P323,404,383,271,302,332,422,128,211,264,357,399,202
P324,404,383,271,302,332,422,128,211,264,357,399,202
P325,68,166,207,149,72,42,156,16,37,103,248,39
P326,3802,3893,3432,3666,3638,3421,3923,3684,3915,3527,3545,3406
P327,56,0,152,0,50,318,224,0,0,114,190,0
P328,2392,2406,1811,2608,2308,2124,1827,2312,2619,2387,2389,2222
P329,1768,1892,1409,1991,1782,1608,1370,1633,1805,1667,1813,1499
P33,948,871,952,373,992,850,585,869,793,819,1059,884
P330,6,0,0,0,8,0,0,6,4,4,11,0
P332,9,20,19,80,31,10,33,15,22,4,10,7
P333,5342,5440,5337,4984,5574,4948,5260,4871,4845,4553,4793,5402
P335,205,36,39,224,46,85,17,28,24,89,45,197
P336,781,817,646,920,846,846,755,946,899,531,750,797
P338,244,43,47,267,55,102,20,34,28,107,54,235
P339,174,145,82,179,133,75,151,229,208,165,240,155
P34,5652,5607,5870,5283,5549,5887,5564,5442,5553,5671,5335,5645
P340,4719,4533,4616,4378,4769,4475,4486,4803,4984,4336,4526,4658
P343,13,0,0,0,9,13,0,74,74,6,17,12
P344,526,442,465,502,435,452,357,406,432,383,465,374
P345,263,370,300,267,255,205,220,297,480,397,335,409
P346,437,461,263,176,503,367,479,378,485,337,442,382
P347,5,20,0,52,9,4,0,5,6,14,3,10
P348,1228,254,278,1301,324,567,121,202,170,593,316,1195
P349,3880,3840,3430,3123,3594,3764,2954,3586,3378,3579,3792,3888
P35,1308,1420,1381,1423,1376,1298,1236,1212,1050,1029,1214,1232
P350,5282,5590,5232,5009,5549,5434,5288,5057,5303,5245,4988,5178
P351,3606,3344,3320,3311,3886,3881,4233,3553,2738,3429,3554,3084
P352,6118,5925,5172,5593,5971,6015,6428,5936,5517,5889,5847,5664
P353,3253,3024,3061,1899,2832,3514,2951,3658,3644,3730,3008,3449
P354,3207,2962,2949,1862,2783,3443,2964,3577,3589,3664,3033,3461
P355,141,126,49,132,107,122,176,97,150,72,142,159
P356,15,32,79,19,54,255,399,124,10,12,276,38
P357,215,360,175,524,223,492,1358,266,529,396,711,166
P358,186,216,498,87,312,0,127,326,191,169,414,98
P359,5581,5660,5823,5085,5594,5902,5585,5396,5451,5560,5020,5499
P36,4402,4338,4366,3993,4430,4329,3784,4194,4205,4109,3922,4020
P360,61,123,185,0,104,275,219,232,333,138,44,390
P361,1389,1275,1340,1157,1590,1441,1966,1449,1401,1237,1290,1737
P362,73,94,0,0,77,130,0,66,31,129,15,94
P363,615,767,481,301,724,212,538,620,707,709,564,615
P364,575,686,574,239,674,168,454,585,662,628,499,585
P365,2440,2353,2481,2429,2322,1888,2348,2483,2377,2387,2503,2520
P366,53,76,272,193,39,470,462,122,501,36,443,84
P367,178,110,99,214,177,164,193,237,136,195,224,114
P368,291,579,469,521,294,504,474,211,254,196,366,304
P369,112,192,11,39,111,55,147,57,144,60,74,74
P37,3532,3318,3310,2376,3293,3785,3444,3752,3495,3782,3343,3521
P370,557,495,531,220,634,436,374,538,497,501,658,552
P372,42,366,223,170,210,265,346,369,76,330,55,332
P373,4494,4044,4216,4362,4451,26,4286,18,4049,4257,4005,4368
P374,5282,5590,5232,5009,5549,5434,5288,5057,5303,5245,4988,5178
P375,538,470,414,553,479,264,419,612,494,504,538,432
P376,48,23,30,93,10,76,0,17,24,0,32,10
P377,363,64,71,396,83,152,30,51,42,159,81,349
P378,395,71,78,430,91,168,33,56,47,175,89,375
P379,761,147,161,818,188,338,69,116,98,352,183,727
P38,2956,2707,2600,2758,2819,2974,2939,2887,2911,2802,2887,2613
P380,130,457,32,132,219,37,255,16,202,129,113,4
P386,1090,990,937,686,887,973,635,1049,966,1248,1049,1149
P388,8,102,0,35,6,0,0,0,50,8,41,5
P389,13,7,5,0,10,0,0,0,0,4,10,3
P39,601,123,883,615,459,527,162,350,456,361,472,165
P390,809,832,701,834,818,740,620,944,842,836,868,716
P391,547,433,553,331,377,289,252,404,378,352,314,411
P392,431,248,413,476,202,213,272,314,342,300,266,377
P393,2819,2698,2249,2910,2645,1515,2615,2615,2201,2724,2604,2733
P395,15,32,0,51,28,36,34,43,13,27,46,16
P396,6,1,0,10,10,17,10,1,3,7,6,2
P397,2157,1919,2296,3156,2124,2494,2966,2363,2703,2473,1895,2805
P398,12,0,0,0,6,0,0,0,7,8,9,0
P399,313,372,214,197,316,354,186,330,394,330,292,287
P4,1002,1013,885,1001,929,847,745,912,971,813,1027,873
P40,6920,7096,7255,6746,7078,6900,6718,6791,7047,6793,6771,6978
P400,2294,2640,2216,1930,2271,2596,2064,2354,2338,2466,2116,2268
P401,685,605,819,566,486,679,694,431,543,617,584,726
P402,1931,2283,1860,1504,1884,2290,1710,1986,1948,2113,1743,1886
P403,291,18,171,89,13,215,123,163,291,24,27,177
P404,719,867,635,818,821,909,570,654,854,758,668,687
P405,98,1180,1146,792,1040,1454,1498,1004,1094,1085,1237,848
P406,64,25,94,191,37,46,69,103,14,24,118,30
P407,14,15,15,53,24,8,23,12,17,11,20,16
P409,650,1174,538,407,715,431,463,650,720,600,792,584
P41,8757,8474,9842,8107,8787,8689,8071,8805,9203,8924,8715,9476
P410,12,26,48,21,19,0,0,13,22,0,20,5
P411,390,65,569,345,257,349,419,217,279,325,329,418
P412,239,207,119,129,178,97,217,293,177,276,243,197
P413,7,7,28,30,4,11,24,19,4,6,27,5
P414,379,436,520,376,415,315,364,312,252,405,327,285
P415,448,338,334,381,392,271,259,317,441,390,368,373
P416,40,36,117,121,22,56,106,90,23,32,119,31
P417,3,4,0,13,10,0,0,0,4,17,6,8
P418,2100,1511,2109,526,1688,3142,1343,2260,2257,1968,1587,2204
P419,1759,1714,1736,1459,1812,1786,1332,1983,1764,2247,1821,2296
P42,1934,1937,2150,1522,1846,2062,2093,2685,2937,2743,2319,3011
P420,217,160,50,28,132,143,78,322,118,171,182,160
P421,50,59,10,39,55,51,14,13,40,51,13,16
P422,89,81,0,0,121,39,0,60,28,43,46,71
P423,5442,5463,4912,5788,5101,4386,5476,5249,4625,5559,5149,5016
P424,3699,3690,3412,3182,3605,3298,3570,3514,3512,3559,3582,3559
P425,2,0,0,0,0,0,0,4,0,9,0,0
P426,972,808,399,854,985,1267,1270,947,677,1211,624,1352
P427,92,127,145,154,100,226,113,116,139,187,112,76
P428,117,182,185,194,133,348,149,151,183,286,142,94
P429,126,424,32,107,216,0,238,16,0,122,109,4
P43,509,606,381,370,480,616,460,554,612,566,564,452
P430,2657,2385,2345,1817,2142,1745,2003,2615,2803,2846,2399,2590
P431,1066,811,552,2988,943,315,2830,1302,1469,1490,1602,1221
P432,452,305,1406,879,236,235,983,1474,1369,1754,666,1409
P433,1680,1340,1015,1572,1393,621,1658,1752,1949,1997,1936,1689
P434,103,102,85,193,85,49,57,37,60,61,58,3972
P435,10,28,7,27,20,42,14,12,13,30,12,5
P436,592,406,756,0,329,275,0,1466,1459,1736,863,1397
P437,1221,1012,1340,2429,1120,1607,2331,1328,1661,1469,1018,1728
P438,3289,3141,2771,2999,3644,3006,2994,3346,3251,3228,3062,3489
P439,360,437,269,264,343,448,336,397,449,408,402,318
P44,100,25,165,56,36,166,98,338,316,419,141,381
P440,257,55,9683,233,349,403,10737,10230,260,110,10394,45
P441,3953,4005,3854,3841,3904,4272,3956,3879,3717,3743,3869,3972
P442,1163,931,1225,316,1251,1214,806,1286,719,1283,1233,1333
P443,1257,1352,1726,1743,1405,1755,1197,1460,1041,1337,1362,1489
P444,50,59,10,39,55,51,14,13,40,51,13,16
P445,1393,1260,1209,1137,1570,1220,1040,1694,1960,1377,1327,1706
P446,574,804,1301,710,1024,1040,982,717,828,676,806,627
P447,294,447,666,355,630,784,766,428,417,261,358,317
P448,7,0,0,0,22,88,14,19,31,7,4,12
P449,14,0,0,0,10,36,50,0,34,23,11,29
P45,51,12,246,301,17,362,233,216,198,266,78,243
P450,11,3615,3927,2626,2,3882,4237,3274,3561,3329,4065,3582
P451,18,16,15,52,25,11,17,24,4,16,29,29
P452,19,19,17,56,26,12,14,27,5,16,31,28
P453,9560,9577,9377,10842,9950,9443,9647,9746,10236,9915,9309,10201
P454,24024,22980,22195,23493,23962,24241,22961,23829,23702,23936,23844,23931
P455,14,138,365,58,11,253,185,330,310,14,66,9
P456,30,23,0,0,22,0,0,11,12,0,9,8
P457,92,73,80,35,56,77,78,75,124,113,62,60
P458,5238,5009,4718,4999,5118,5551,4747,5367,4913,5138,5145,5649
P459,1904,1025,1801,1718,1686,1888,2652,1315,1733,1852,1581,1909
P46,252,231,240,250,237,187,307,277,305,270,305,330
P460,1491,1319,1284,1267,1542,1075,1288,915,689,979,1405,675
P461,72,148,86,305,193,56,52,110,171,100,96,123
P462,9446,9601,8781,10083,9669,8009,9897,9530,9677,9560,10233,9064
P463,7,18,9,0,6,35,0,9,9,28,5,40
P464,176,399,484,76,204,461,805,490,686,317,324,599
P465,320,277,177,146,318,323,158,302,300,303,352,279
P466,19,26,10,0,9,13,0,19,19,9,87,10
P467,1276,1287,1179,1087,1170,1181,1201,1463,1291,1442,1252,1484
P468,591,374,401,447,846,292,372,445,227,49,352,580
P469,158,164,121,89,137,159,128,137,138,157,114,170
P47,670,643,824,586,661,635,582,738,740,781,647,712
P470,806,761,659,566,824,719,735,777,830,792,771,793
P471,7,13,0,0,19,52,0,10,4,3,29,7
P472,1620,1050,1871,1611,1582,1735,2144,1123,1177,1804,2061,882
P473,5,11,0,20,0,0,30,5,0,0,0,0
P474,87,122,73,90,83,67,19,95,30,16,65,64
P475,32,44,2122,56,24,1993,1471,1754,11,52,19,102
P476,1011,988,1207,1045,1242,1013,1097,1103,1122,1074,1340,1175
P477,78,85,58,49,150,105,150,138,223,119,159,175
P478,1140,1297,1232,1632,1387,1795,1419,1579,1522,1603,1440,1806
P479,57,28,2625,2882,18,59,3969,2943,60,146,37,19
P48,388,369,264,445,320,313,319,303,346,303,315,362
P480,153,88,91,207,96,109,104,159,64,109,125,82
P481,2157,1904,2309,1779,2294,2056,2312,2067,1713,1913,2010,1930
P483,1064,989,820,964,900,1001,548,695,402,894,769,830
P484,387,410,250,777,469,216,235,445,453,402,402,440
P485,1445,1319,1111,1224,1176,1238,768,959,591,1202,1052,1108
P486,2074,1699,1784,1850,1756,1919,1385,1349,956,1769,1756,1163
P487,6,260,470,461,7,411,140,562,206,8,12,7
P488,426,379,441,603,377,699,309,696,376,516,503,581
P489,29,690,931,668,36,975,461,969,591,37,55,35
P49,363,171,360,349,135,145,182,237,326,220,220,317
P490,548,710,673,285,834,724,627,899,812,931,708,960
P491,3264,2990,3209,3321,3131,2961,2919,3124,3363,3309,3175,3412
P492,80,114,124,311,140,158,243,178,66,60,203,53
P493,35,14,17,25,67,18,0,14,17,12,71,20
P494,518,646,431,591,514,350,344,435,430,386,577,355
P495,980,827,1237,933,947,817,948,698,691,750,641,644
P496,223,156,164,95,245,104,136,146,226,98,225,157
P497,1706,1684,1136,2257,1708,1418,1437,1817,1847,1731,1610,1706
P498,45,35,0,0,58,19,0,30,0,21,30,35
P499,13,26,8,41,17,25,0,7,14,16,11,6
P5,111,105,32,0,96,173,93,82,108,98,74,126
P50,316,143,322,296,112,127,150,202,295,185,186,277
P500,70,44,51,26,83,28,48,44,77,28,81,51
P501,617,597,475,475,575,560,295,463,532,370,478,404
P502,588,494,330,443,539,572,373,382,482,310,482,379
P503,223,156,164,95,245,104,136,146,226,98,225,157
P504,1504,1020,609,1036,1198,1096,556,958,1347,823,1501,986
P505,56,95,149,433,113,394,338,137,173,104,92,101
P506,60,0,0,0,115,0,0,100,70,51,136,93
P507,30,138,41,172,74,77,67,64,35,24,77,48
P508,406,533,295,256,481,230,389,465,419,410,365,424
P509,13,26,8,41,17,25,0,7,14,16,11,6
P51,12,18,0,0,9,0,0,33,0,8,0,21
P510,8291,8425,7828,7838,8592,8125,8391,7864,8396,8035,8121,8137
P511,52,8114,30,56,22,6540,62,19,27,15,4,7
P512,7591,7318,7221,7068,7498,7211,7169,7384,7175,7333,7012,7040
P513,6838,6590,6307,6695,6917,6603,6611,6927,6860,6999,6660,6871
P514,1105,780,504,509,1287,874,765,1260,935,1157,1063,1003
P515,689,46,560,572,73,472,262,41,265,416,661,66
P516,53,67,19,115,33,82,30,42,85,29,109,22
P517,87,254,129,58,66,229,28,147,63,159,141,189
P518,221,246,233,279,240,179,130,227,296,261,273,231
P519,50,45,990,652,68,22,154,34,1226,24,26,40
P52,160,144,121,315,174,221,123,227,226,206,244,247
P520,295,345,339,182,263,325,306,257,257,247,355,202
P521,35,76,61,18,34,0,23,39,62,50,37,13
P522,35,42,8,28,39,36,11,10,29,36,9,12
P523,17,7,0,0,15,0,0,8,7,0,13,11
P524,107,76,56,114,24,217,354,142,55,206,106,99
P525,1360,646,1343,869,1026,915,1151,1162,1310,1152,1216,805
P526,38,31,49,0,30,67,0,323,9,18,26,14
P527,653,559,709,491,561,628,624,604,537,533,692,532
P528,820,1219,2043,797,1353,1019,1080,1397,865,896,969,1326
P529,13,4,11,0,11,0,0,6,8,12,8,8
P53,570,555,622,481,573,555,498,631,653,668,556,591
P530,13,4,0,0,10,0,0,6,0,0,0,8
P531,159,143,32,207,89,102,192,222,175,182,136,106
P532,10,0,0,0,20,0,0,0,13,0,0,5
P533,97,106,157,72,70,71,129,77,25,48,80,40
P534,8,8,762,1350,5,11,1035,1419,11,1275,6,1255
P535,58,35,60,0,130,26,85,81,34,63,76,48
P536,252,285,333,116,272,208,227,282,365,191,177,347
P538,15,31,10,47,20,30,0,8,16,18,13,7
P539,16,45,11,54,31,66,22,18,21,51,19,9
P54,670,643,824,586,661,635,582,738,740,781,647,712
P540,37,30,47,192,29,113,144,309,9,18,27,14
P541,219,169,115,217,163,272,108,251,372,238,237,273
P542,547,436,343,431,503,441,442,436,485,546,458,609
P543,3841,3993,3847,3935,4108,3815,3981,3895,4094,3768,3828,4003
P544,431,248,413,476,202,213,272,314,342,300,266,377
P545,396,221,366,441,190,197,255,285,310,278,251,336
P546,8195,7889,7247,8580,8163,7331,7143,7977,8120,8245,7187,8236
P547,8441,8935,8464,8768,8352,7981,7863,8593,8791,7991,8016,8445
P548,22,43,191,0,5,44,0,26,46,32,27,36
P549,3245,3213,3105,2982,3308,2706,3080,3086,3120,3007,3042,3093
P55,6226,6087,6005,6185,6483,6309,6575,6445,6293,6477,6064,6876
P550,3001,2988,3022,2959,3048,2855,3286,2734,2916,2722,2930,2696
P551,436,531,692,249,642,448,792,585,648,633,322,377
P552,110,1553,2306,2336,2043,2188,2276,1505,23,153,35,203
P553,100,185,62,76,542,296,653,260,243,167,148,251
P554,14,0,0,0,36,0,0,1,0,0,0,0
P555,2,0,0,0,3,13,0,5,5,2,2,4
P556,21,77,0,190,35,17,0,21,24,55,11,40
P557,10,57,0,55,25,13,104,15,8,36,9,29
P558,373,543,815,716,347,419,576,353,284,601,798,72
P559,405,433,384,320,432,380,494,392,653,583,493,530
P56,255,236,274,83,276,228,142,228,207,213,301,230
P560,32,29,32,79,54,19,40,26,38,26,41,36
P561,1863,1765,1339,1976,2016,1631,1655,2075,1755,1973,1741,1955
P562,6751,7171,6522,7305,7009,7149,6305,6629,6257,6833,6952,6408
P563,286,55,0,81,111,142,172,96,74,121,124,88
P564,3540,3393,3280,2337,3200,3657,3362,3938,3796,3994,3459,3788
P565,1847,1970,1829,1591,2106,2070,2406,2142,1822,1824,2213,1592
P566,5913,295,5230,7184,670,6336,6599,66,6209,29,283,6837
P567,184,130,207,6091,336,35,87,22,178,13,96,12
P568,873,1094,730,713,937,742,916,656,1009,1196,1012,1207
P569,945,446,967,865,839,1061,933,109,1001,49,428,1654
P57,202,177,221,185,202,140,239,230,281,249,279,289
P571,4339,4160,5128,3158,4741,5328,4448,4540,3813,4317,4419,4702
P572,466,544,378,364,429,433,330,386,509,406,481,607
P573,6116,6660,5810,6791,6581,6425,5961,6263,5960,6470,6574,6167
P574,6034,6012,6139,5579,6223,6471,5650,5943,5423,5857,6039,5807
P576,3521,2504,3828,3457,3240,3778,4220,2273,2164,3165,4112,1408
P577,7352,7649,6743,6970,7811,7466,7814,7296,7346,7392,7669,7916
P578,57,26,0,0,50,18,25,18,28,22,56,18
P579,1831,1630,1685,942,1498,2004,1622,2130,2134,2191,1679,1977
P58,838,821,695,972,747,920,867,910,1038,977,625,650
P580,7799,8438,7902,7996,8536,8081,7664,7918,7772,7883,7395,7807
P581,1831,1630,1685,942,1498,2004,1622,2130,2134,2191,1679,1977
P582,7831,8454,8067,8370,8484,8438,7399,7684,7588,7843,7498,7459
P583,2919,2688,2688,1653,2527,3133,2716,3361,3384,3410,2779,3270
P584,6217,6488,5667,6128,6037,5206,5810,5590,5773,5458,6242,5338
P585,954,914,589,650,765,671,743,533,863,659,469,708
P586,357,750,1526,2502,660,881,1425,519,279,796,861,888
P587,1286,1162,933,1003,1182,904,1080,744,715,854,886,676
P588,20162,20769,21215,22253,20067,20460,21002,17621,19988,19134,19344,18929
P589,31,75,47,97,82,151,133,35,9,64,36,7
P59,44,87,0,0,49,68,0,137,176,84,83,162
P591,426,339,354,324,326,259,256,318,456,388,302,424
P592,66,53,18,25,249,42,31,371,415,61,207,214
P593,17,44,26,380,198,55,312,220,174,207,125,352
P594,2012,1190,1952,2300,1741,1418,1244,764,986,1401,1257,878
P595,51,41,13,19,213,32,24,350,401,47,168,178
P596,1198,1006,1135,880,934,1329,927,848,857,953,1190,971
P598,31,13,21,32,12,14,0,12,27,25,17,14
P6,10,35,1168,1903,25,24,1751,175,21,104,38,137
P60,2033,1395,1441,2269,1935,2981,1430,1784,1765,2163,1845,1788
P600,244,104,74,263,285,340,388,180,106,160,126,170
P601,825,963,1127,871,1151,515,312,1049,874,607,717,691
P602,28,0,0,0,24,21,5,15,17,16,18,3
P603,1041,729,948,818,801,980,614,690,579,644,1072,544
P604,335,199,289,502,315,187,266,455,450,438,391,241
P605,72,57,196,149,150,430,187,131,58,108,32,105
P606,180,138,285,544,157,246,62,144,192,118,320,116
P607,13,590,595,798,716,327,885,19,528,61,720,552
P608,6021,5418,5889,6380,5949,5638,6093,5843,5948,5738,6268,5718
P609,287,281,224,210,318,405,200,320,234,309,302,318
P61,461,429,490,161,495,416,264,423,388,400,540,431
P610,21,81,98,337,51,66,159,56,50,19,8,99
P611,579,828,407,361,622,400,859,18,868,485,673,854
P612,1070,60,89,729,73,212,86,40,196,35,1215,262
P613,24,0,0,0,23,0,0,22,47,12,6,10
P614,3253,2843,2801,3015,2959,2893,2990,2874,2800,2836,3071,3009
P615,501,464,506,190,544,428,300,456,425,445,567,465
P616,530,431,339,412,432,493,239,245,317,364,393,334
P617,749,534,641,596,591,683,449,513,428,476,737,406
P618,749,534,641,596,591,683,449,513,428,476,737,406
P619,1457,1712,1361,869,1253,890,537,1252,1308,1253,1560,1279
P62,595,551,623,204,638,535,341,536,488,502,697,543
P620,1102,863,860,863,928,914,619,837,705,783,1081,696
P621,6,88,57,28,6,41,64,86,19,100,83,55
P622,202,413,242,317,291,182,258,385,336,500,341,267
P623,118,224,94,60,136,341,2275,270,74,184,225,178
P624,16,41,25,69,44,92,88,18,4,35,18,4
P625,7,13,28,0,9,0,29,20,0,9,110,18
P626,36,30,48,0,30,124,0,0,8,18,26,14
P627,1005,843,850,725,990,964,799,1000,1145,1054,1114,1201
P628,287,245,312,160,335,282,272,252,303,330,319,316
P629,229,238,133,382,92,89,151,63,130,76,123,276
P63,2651,2399,2933,2362,2325,2334,2156,2533,2436,2209,2646,2309
P630,135,132,111,54,103,185,176,170,116,114,107,126
P631,8,16,0,0,11,0,0,5,0,5,14,0
P634,761,1316,1246,1008,1284,917,1152,1356,904,923,1133,1155
P635,4095,3869,3749,3851,4199,3301,3249,4022,4108,4153,3809,4268
P637,30,0,0,76,31,15,86,8,16,47,147,17
P638,8,3040,3309,62,3318,3144,3438,13,7,27,3153,8
P639,30,24,38,154,23,90,116,248,7,15,22,11
P64,4494,3659,4247,4511,4244,3867,3690,2898,3289,3854,3644,3071
P640,762,770,1035,874,885,914,731,512,484,670,1277,727
P641,22,2,4,26,12,31,7,8,11,6,9,18
P642,43,3,7,50,23,62,14,16,21,12,18,35
P643,4869,4246,4320,4807,4928,5912,4026,4795,4850,5314,4769,4953
P644,698,542,667,736,474,554,721,722,627,783,863,705
P645,127,176,317,157,119,75,79,200,154,208,280,177
P646,152,141,317,111,128,100,79,155,73,249,268,85
P647,52,42,24,101,25,31,0,8,25,18,17,12
P648,77,31,83,41,35,15,148,37,8,20,17,19
P649,59,34,75,59,40,20,54,47,39,90,38,36
P65,6000,6158,5493,5572,6215,5867,6233,6203,5901,6298,5835,6253
P650,32,17,31,337,64,37,28,75,65,34,56,96
P651,3673,3642,3264,2683,3427,3858,3231,3218,3605,2841,3432,3309
P652,31,16,92,132,51,59,131,47,15,32,18,0
P653,723,622,592,458,527,645,493,572,700,717,541,546
P655,7,0,0,0,11,0,0,0,21,0,6,0
P656,11,3,0,0,15,0,0,9,6,6,13,8
P657,2301,1672,1105,1132,2640,1846,1631,2590,1992,2415,2203,2131
P658,9113,8856,8486,8973,9247,8855,8862,9261,9174,9349,8918,9234
P659,183,217,122,171,318,295,104,638,452,438,342,613
P66,3988,4080,3688,3835,3669,3786,3752,4175,4031,3520,3787,3630
P660,19,46,0,14,32,28,0,23,22,13,19,21
P661,1273,978,1100,1559,651,1263,1484,837,894,721,578,936
P662,0,1,1,0,1,1,3,40,62,3,6,2
P663,601,374,502,321,556,381,300,428,371,251,412,440
P664,14,3632,3824,2765,2,3554,4316,3294,3547,3362,4000,3450
P665,339,273,228,470,385,268,444,385,304,234,227,268
P666,99,44,199,0,85,43,407,73,68,171,41,45
P667,92,42,168,0,82,41,320,69,60,155,40,43
P668,423,466,661,272,479,182,287,239,167,724,259,394
P669,1339,1174,1631,1521,1573,1385,1695,1233,1707,1411,1502,1731
P67,262,167,331,213,258,185,272,283,282,265,266,222
P670,10502,9655,10079,8434,9366,9973,9716,8235,8003,7922,8771,7312
P671,7331,7524,6973,7761,7155,6850,6862,6894,7218,7164,7071,6962
P672,4982,4735,4368,4549,4710,4532,4704,4919,4907,4966,4529,5225
P673,218,202,105,169,356,233,180,212,155,187,281,129
P674,256,399,484,242,342,432,250,274,355,312,288,207
P675,394,521,317,192,496,394,428,462,545,609,264,378
P676,56,0,152,0,50,318,224,0,0,114,190,0
P678,897,213,227,987,269,457,103,170,144,458,256,847
P679,15,40,10,38,29,61,21,17,19,41,17,8
P68,92,73,80,35,56,77,78,75,124,113,62,60
P680,15,40,10,38,29,61,21,17,19,41,17,8
P682,295,334,201,157,291,221,311,278,305,298,334,316
P683,10,28,7,27,20,42,14,12,13,30,12,5
P685,552,504,441,421,574,539,455,461,589,510,560,544
P686,62,73,38,0,34,46,0,58,63,33,143,37
P687,6838,6590,6307,6695,6917,6603,6611,6927,6860,6999,6660,6871
P688,6196,6205,6362,4961,6297,6289,7031,6372,5815,6104,6516,6275
P689,8645,8404,9740,8008,8669,8576,7985,8712,9095,8806,8626,9374
P69,1728,1905,1149,1843,1708,1666,1233,1721,2055,1955,1742,1636
P690,5723,5606,6631,5644,5989,6801,4211,4796,5511,5827,4604,4593
P691,1689,1542,1230,1881,1615,1460,1407,1591,1656,1537,1565,1578
P692,5995,6087,5501,5497,5968,6073,5389,5727,5503,5774,5860,5835
P693,48,119,149,107,51,29,111,11,26,73,179,27
P694,1622,1360,1774,1619,1507,1317,1796,1623,1808,1735,1827,1573
P695,1326,1422,1308,1488,1599,1212,1430,1831,1703,1907,1725,1648
P696,1686,1609,1432,1909,1704,1775,1624,1400,1409,1350,1604,1323
P697,317,263,279,132,201,267,273,260,400,366,221,212
P698,2788,2577,1857,2855,2714,2416,2933,2648,2339,2647,2375,2506
P699,2834,2648,2104,2894,2771,2634,2662,2594,2533,2784,2435,2544
P7,15,13,0,0,24,13,0,18,0,12,15,22
P70,29,93,3145,2942,70,94,3398,78,142,86,81,64
P700,1343,1390,1090,1425,1297,1094,1368,1128,1328,1535,1233,1464
P701,511,543,381,663,574,573,537,532,589,388,413,421
P702,108,228,90,121,176,105,78,335,385,335,321,379
P703,42,134,881,1385,102,135,946,113,201,124,117,92
P704,2134,2328,2158,1929,2327,2160,2091,2418,2026,2258,2357,1946
P705,1665,1372,1550,1807,1618,1519,1393,1350,1623,1595,1666,1548
P706,5455,5176,5798,4512,5596,5911,5118,5385,4784,5124,5338,5309
P707,6876,7351,6385,7509,7055,7264,6691,6814,6381,7086,7147,6754
P708,102,17,0,0,0,0,0,63,108,118,96,115
P709,616,510,520,519,529,531,372,441,463,429,515,408
P71,398,555,380,225,565,178,325,777,510,889,687,728
P710,17,37,43,28,12,15,0,12,49,9,58,55
P711,852,844,800,918,874,705,870,935,940,917,916,903
P712,2720,2843,2560,2760,2804,2707,2689,2787,2878,2764,2599,2795
P713,651,877,1033,619,1026,318,164,796,583,353,471,422
P714,3945,3883,4651,4050,4240,5330,2583,2999,3613,4016,2839,2734
P715,179,114,128,73,131,273,77,117,102,250,190,170
P716,608,775,511,720,793,535,666,803,698,614,678,801
P717,39,14,0,0,52,50,0,69,45,11,34,42
P718,209,138,119,151,153,162,129,141,204,189,162,123
P719,266,264,279,117,281,305,318,335,290,214,292,275
P72,587,994,642,1196,608,757,1498,794,678,569,520,508
P720,249,292,193,187,254,128,139,240,320,253,242,199
P721,826,755,565,609,725,580,668,466,512,549,500,470
P722,1412,1420,1392,1486,1348,1030,1495,1261,1336,1526,1234,1089
P723,412,327,379,261,374,439,488,364,397,446,459,426
P724,128,78,128,29,70,174,26,166,109,127,101,171
P725,111,101,98,21,68,161,18,217,105,138,80,173
P726,91,98,82,27,43,107,22,97,29,90,79,99
P727,50,71,61,27,5,38,56,10,20,37,44,24
P728,482,427,392,419,450,389,335,450,351,448,356,420
P729,478,427,392,419,450,389,335,447,351,448,356,419
P73,3142,3375,2725,2759,3152,3117,3390,2911,2878,2784,3036,3089
P730,342,445,605,204,519,393,813,598,641,648,287,381
P731,99,152,110,141,116,143,283,151,36,93,95,118
P732,239,301,228,140,251,151,322,207,211,232,280,171
P733,314,341,194,421,560,399,249,403,244,431,572,179
P734,1,4,0,0,4,0,0,0,1,1,1,0
P735,23,9,18,46,15,13,18,5,37,12,18,7
P736,416,408,470,470,194,334,445,344,317,318,368,351
P737,25,8,0,36,16,15,0,11,23,27,18,3
P739,128,141,12,31,76,27,4790,145,13,30,59,50
P74,5101,4713,5109,5171,4751,5231,4437,4454,4553,5173,4949,4678
P740,971,548,779,443,957,281,1081,365,489,448,784,373
P741,1111,683,1008,1001,831,1320,869,686,549,631,1124,513
P745,3257,3183,3128,3878,3504,3725,2919,2542,2627,3309,3627,3666
P746,1090,990,937,686,887,973,635,1049,966,1248,1049,1149
P747,88,88,150,41,84,54,72,132,95,72,73,54
P748,64,96,53,52,96,93,25,142,97,108,111,118
P749,9039,8620,9969,8187,8961,9045,7938,8905,9312,9095,8753,9693
P75,1335,1609,1754,1386,1540,1614,1697,1478,1614,1560,1408,1745
P750,510,552,466,48,556,573,439,316,441,452,256,296
P751,510,552,466,48,556,573,439,316,441,452,256,296
P752,510,552,466,48,556,573,439,316,441,452,256,296
P753,510,552,466,48,556,573,439,316,441,452,256,296
P754,640,802,680,709,606,696,604,551,595,547,743,661
P755,2729,2744,2689,2631,2946,2649,3082,2804,2629,2763,2649,2684
P756,3577,3747,3366,3915,3833,3467,4287,3259,3412,3183,3206,3319
P757,1243,1125,1345,1657,1252,1591,945,1055,1341,1524,1287,1211
P758,375,387,290,459,349,386,286,542,530,699,340,626
P759,2094,1814,1890,1661,1825,1702,2230,1745,1911,1925,1938,1899
P76,2844,2730,2773,2911,3016,2833,2649,3163,3131,3051,2855,2967
P760,372,216,266,365,209,158,370,487,561,642,557,336
P761,2908,2993,3261,2948,3331,2704,2717,3505,3489,3095,2843,3462
P762,3233,3302,3441,3938,3105,2584,3143,3320,3284,2949,3436,3229
P763,3036,2379,2398,2771,2606,2406,2617,2494,2458,2560,2749,2544
P764,58,187,127,73,46,127,255,52,235,105,98,15
P765,2515,2616,2442,2657,2519,2084,2101,2446,2392,2454,2206,2372
P766,51,125,78,160,136,248,220,59,15,107,59,12
P767,3137,2825,2928,3324,2924,2467,2813,2937,2871,2827,3096,2889
P768,3360,2443,3228,3528,3021,2702,2461,1783,2142,2609,2486,1917
P769,8562,8601,7969,7995,8905,8363,8440,8187,8599,8315,8386,8459
P77,1477,1523,1377,901,1297,1096,1143,1114,1183,1339,1052,1032
P770,5,33,35,50,42,9,0,40,13,28,4,32
P771,762,829,907,717,867,1211,721,1038,797,1016,941,1029
P772,1101,273,1317,135,51,23,1659,92,207,108,11,4
P773,83,77,88,0,76,190,0,0,23,47,71,43
P774,4420,4218,3775,3967,4052,4321,4317,4267,4239,4014,4250,3977
P775,86,115,12,0,44,25,170,104,49,88,28,145
P776,7487,7063,7091,6921,7423,7443,7016,7190,7112,7369,6804,7546
P777,555,432,584,137,604,579,369,626,326,621,599,649
P778,462,542,643,691,542,501,469,488,380,509,438,329
P779,1530,1604,1257,1469,1523,1494,1154,1514,1337,1361,1381,1256
P78,7936,8342,7362,8290,7753,7801,7684,7937,8171,7437,7624,8142
P780,1017,982,573,917,925,465,853,673,634,829,1079,533
P781,58,57,75,74,35,178,448,127,237,39,140,31
P782,5463,5711,5214,5891,5751,5568,5957,5899,6298,5788,5616,5791
P784,521,603,408,548,631,446,740,628,542,513,588,565
P785,2232,2145,1958,1752,2303,1909,2212,1784,1728,2070,2025,2072
P786,7936,8342,7362,8290,7753,7801,7684,7937,8171,7437,7624,8142
P787,0,13,0,0,27,0,0,12,23,0,28,0
P789,0,68,42,0,0,44,0,105,0,22,0,41
P79,157,191,159,315,169,53,95,108,121,86,104,119
P790,0,4,0,0,0,0,0,0,0,0,0,0
P791,0,6,0,0,11,0,0,11,22,0,11,0
P792,0,6,14,0,0,0,0,3,0,0,5,0
P793,0,7,0,0,7,0,0,0,5,22,3,11
P794,0,1606,1281,0,0,0,0,1467,1509,1464,1586,0
P795,0,1,8,0,0,0,0,0,4,0,0,0
P796,0,30,126,0,144,0,49,24,52,76,58,44
P797,0,17,0,0,16,20,0,4,11,0,15,23
P798,0,19,0,0,0,0,0,11,0,16,24,0
P799,0,20,0,0,36,0,0,16,30,0,29,0
P8,701,437,667,0,680,558,160,438,448,567,700,383
P80,395,481,410,399,369,352,673,439,463,499,463,419
P800,0,155,0,0,317,0,0,46,0,21,176,0
P801,0,54,41,0,33,34,0,84,37,16,0,94
P802,0,6,0,0,0,0,0,0,0,0,0,0
P803,0,15,0,0,19,0,49,0,0,0,0,0
P804,0,10,0,0,22,0,0,0,0,0,0,0
P805,0,4,0,0,0,0,0,0,0,0,0,6
P806,0,7,0,0,11,0,0,12,27,0,13,0
P807,0,2,0,0,0,0,0,3,2,4,10,0
P808,0,7,0,0,11,0,0,12,27,0,13,0
P809,0,0,0,0,0,0,0,0,135,0,0,24
P81,129,133,134,85,130,143,64,184,102,143,105,179
P811,0,0,0,0,14,0,0,0,0,0,0,4
P812,0,0,10,0,21,0,0,0,0,0,6,2
P813,0,0,0,0,0,0,0,0,0,0,0,2
P814,0,0,0,0,0,0,0,0,0,0,0,4
P815,0,0,0,0,0,0,0,0,0,0,0,3
P816,0,0,0,0,0,0,0,4,0,5,0,3
P817,0,0,0,0,0,0,0,0,0,0,3,2
P818,0,0,0,0,0,0,0,0,0,0,0,2
P819,0,0,0,0,10,0,0,0,6,0,20,3
P82,672,556,295,339,885,543,604,498,492,392,580,515
P820,0,0,0,0,7,0,0,10,0,19,0,13
P821,0,0,0,0,43,0,0,0,0,0,0,21
P822,0,0,0,0,0,0,326,6,0,7,5,0
P823,0,0,0,0,5,0,6,13,0,0,16,0
P828,0,0,0,14,9,0,0,0,0,0,18,0
P829,0,0,10,0,15,5,0,0,0,0,0,0
P83,79,86,89,75,60,35,36,74,23,24,61,41
P831,0,0,0,0,0,0,0,10,0,0,0,0
P832,0,0,0,0,0,0,0,44,0,0,0,0
P833,0,0,0,0,0,0,0,179,0,0,0,0
P835,0,0,0,0,0,0,0,228,95,0,0,0
P836,0,0,0,0,0,0,0,13,0,0,0,0
P84,2123,2559,1985,2580,2110,2116,1542,2145,1816,1755,2005,1757
P841,0,0,0,0,0,0,0,0,27,0,0,0
P842,0,0,0,0,0,0,0,0,28,0,0,0
P844,0,0,0,0,0,0,0,0,0,4,0,0
P845,0,0,0,0,0,0,0,0,0,0,28,0
P847,0,0,0,0,0,0,0,0,0,0,144,0
P85,265,172,268,178,240,232,187,222,204,244,200,256
P87,24,0,0,0,24,0,0,0,0,0,0,16
P88,1735,1911,1592,1938,1838,1823,1861,1838,1960,1875,1726,1996
P89,201,210,205,0,266,465,139,706,964,781,397,790
P9,762,683,692,574,645,587,513,638,646,555,770,557
P90,173,113,0,0,0,0,0,100,111,236,102,237
P91,40,0,0,0,31,0,0,0,0,39,40,14
P92,430,203,426,411,162,173,216,283,386,262,261,376
P93,2011,2303,2332,2053,2202,2367,2402,2147,2289,2211,2072,2441
P94,236,230,312,108,253,319,185,240,342,275,165,378
P95,425,541,699,806,545,512,492,464,349,497,415,286
P96,493,615,266,471,500,344,498,545,580,410,563,541
P97,5440,5125,4845,5088,5175,4884,5105,5421,5478,5480,4957,5817
P98,5971,5801,5337,5912,5737,5280,5460,5992,6042,6103,5707,6295
P99,33,34,52,0,11,0,69,40,77,57,31,6